average,max,min,stat
58.804693877551024,65.65,52.78,temperature
6.746326530612245,8.03,2.82,windspeed
