average,max,min,stat
60.08816326530613,65.04,55.61,temperature
6.316938775510205,7.49,4.59,windspeed
