average,max,min,stat
60.011020408163255,63.97,55.89,temperature
5.900612244897959,7.57,2.49,windspeed
