average,max,min,stat
60.87959183673469,69.29,54.26,temperature
9.659795918367347,21.19,5.54,windspeed
