average,max,min,stat
60.29469387755101,70.01,54.01,temperature
7.802857142857143,17.44,5.16,windspeed
