average,max,min,stat
59.796122448979595,63.69,55.36,temperature
5.8914285714285715,7.27,3.47,windspeed
