average,max,min,stat
60.989795918367335,68.03,55.08,temperature
10.699795918367347,23.76,4.78,windspeed
