average,max,min,stat
61.076734693877555,69.33,54.7,temperature
10.368367346938776,23.48,4.26,windspeed
