average,max,min,stat
59.00122448979592,66.08,53.41,temperature
6.978163265306122,10.16,5.0,windspeed
