average,max,min,stat
59.90163265306121,64.24,55.8,temperature
5.993265306122449,7.71,3.81,windspeed
