average,max,min,stat
58.90510204081633,65.66,53.59,temperature
6.88265306122449,7.98,3.81,windspeed
