average,max,min,stat
61.44959183673469,67.04,55.38,temperature
10.850204081632652,24.27,5.08,windspeed
