average,max,min,stat
60.42061224489795,70.38,53.76,temperature
8.806938775510204,19.04,5.12,windspeed
