average,max,min,stat
59.21591836734694,63.51,52.98,temperature
6.333469387755103,7.83,4.01,windspeed
