average,max,min,stat
61.512244897959185,68.11,55.16,temperature
11.119183673469388,27.87,4.83,windspeed
