average,max,min,stat
59.026530612244905,66.12,53.67,temperature
6.805714285714286,10.05,5.5,windspeed
