average,max,min,stat
60.125714285714295,64.69,55.63,temperature
6.3375510204081635,7.49,4.59,windspeed
