average,max,min,stat
60.969795918367346,70.16,54.42,temperature
9.976122448979591,21.55,5.54,windspeed
