average,max,min,stat
61.57571428571428,68.11,55.15,temperature
11.0265306122449,27.87,4.87,windspeed
