average,max,min,stat
59.861428571428576,63.79,55.36,temperature
5.771632653061225,7.27,2.19,windspeed
