average,max,min,stat
59.15612244897959,65.33,52.81,temperature
6.560000000000001,7.91,3.28,windspeed
