average,max,min,stat
59.545102040816325,66.99,54.2,temperature
6.738775510204081,10.52,4.43,windspeed
