average,max,min,stat
60.13775510204081,69.46,53.77,temperature
7.138571428571428,10.41,4.99,windspeed
