average,max,min,stat
61.245510204081626,67.77,55.05,temperature
10.608571428571427,24.13,1.49,windspeed
