average,max,min,stat
61.01734693877551,69.58,54.6,temperature
10.108163265306123,22.53,4.7,windspeed
