average,max,min,stat
59.95102040816327,63.96,55.4,temperature
5.874693877551021,7.57,3.27,windspeed
