average,max,min,stat
59.050000000000004,65.37,52.86,temperature
6.570816326530611,7.91,2.1,windspeed
