average,max,min,stat
61.1269387755102,68.04,55.09,temperature
10.763061224489793,23.76,4.88,windspeed
