average,max,min,stat
59.96183673469387,64.68,56.08,temperature
6.391224489795919,7.76,4.61,windspeed
