average,max,min,stat
61.307959183673475,67.78,55.06,temperature
10.747346938775511,24.13,3.71,windspeed
