average,max,min,stat
60.48775510204081,70.36,53.77,temperature
9.181428571428572,20.86,5.12,windspeed
