average,max,min,stat
59.01938775510204,63.5,52.77,temperature
6.3410204081632635,7.83,2.51,windspeed
