average,max,min,stat
61.015510204081636,69.58,54.59,temperature
10.07938775510204,22.39,5.15,windspeed
