average,max,min,stat
61.574081632653055,68.11,55.16,temperature
11.093469387755103,27.87,4.83,windspeed
