average,max,min,stat
60.323877551020416,70.29,53.76,temperature
8.558775510204082,18.22,5.12,windspeed
