average,max,min,stat
59.365306122448985,65.23,54.56,temperature
6.195102040816327,7.95,3.47,windspeed
