average,max,min,stat
61.07918367346939,69.58,54.6,temperature
10.194285714285714,22.5,4.76,windspeed
