average,max,min,stat
59.00938775510204,65.37,52.74,temperature
6.686530612244898,7.97,3.5,windspeed
