average,max,min,stat
60.71591836734694,69.61,54.13,temperature
9.522244897959183,21.02,5.41,windspeed
