average,max,min,stat
60.941632653061234,69.35,54.27,temperature
9.82142857142857,20.93,5.54,windspeed
