average,max,min,stat
60.024897959183676,64.6,56.07,temperature
6.487551020408164,8.05,4.61,windspeed
