average,max,min,stat
59.23020408163265,66.13,53.74,temperature
6.951836734693877,10.36,5.5,windspeed
