average,max,min,stat
61.073061224489805,69.32,54.69,temperature
10.327551020408166,23.48,4.34,windspeed
