average,max,min,stat
59.828979591836735,64.76,56.08,temperature
6.28204081632653,7.51,3.38,windspeed
