average,max,min,stat
60.233877551020406,70.28,54.01,temperature
7.575714285714286,15.24,4.96,windspeed
