average,max,min,stat
60.998775510204084,68.04,55.08,temperature
10.711428571428572,23.76,4.75,windspeed
