average,max,min,stat
60.632448979591835,69.42,54.03,temperature
9.581632653061224,21.03,5.32,windspeed
