average,max,min,stat
59.832244897959185,68.42,54.21,temperature
6.8159183673469395,10.4,3.83,windspeed
