average,max,min,stat
59.730612244897955,63.7,55.2,temperature
5.936938775510205,7.46,3.85,windspeed
