average,max,min,stat
58.894285714285715,65.67,53.2,temperature
6.974897959183673,8.43,3.87,windspeed
