average,max,min,stat
61.129999999999995,67.95,54.84,temperature
10.65795918367347,23.31,3.36,windspeed
