average,max,min,stat
61.2069387755102,69.32,54.69,temperature
10.303877551020408,23.48,2.75,windspeed
