average,max,min,stat
60.8034693877551,69.65,54.13,temperature
9.638775510204082,20.82,5.41,windspeed
