average,max,min,stat
59.07448979591836,63.39,52.75,temperature
6.446326530612245,7.83,4.29,windspeed
