average,max,min,stat
60.01183673469387,69.13,54.21,temperature
6.970408163265306,10.64,5.02,windspeed
