average,max,min,stat
59.49775510204081,65.3,55.53,temperature
6.252857142857143,7.95,4.23,windspeed
